address,rewards
0x34aaa3d5a73d6f9594326d0422ce69748f09b14f,59738.920164357598067944
0x40447250ac4f40e2285a4c22c7f23e0549981f07,43727.132545322840438128
0xc0ba9fd6fd13b87f71cf6d665d7f1ebec592c7c0,21071.647518639369203335
0x0aba55c93cf7292f71067b0ba0d8b464592895ca,20708.435181403441848595
0x2983a89e018bae9e3eec745cced1be85a59c44c4,20292.911472970173214877
0x0185c3dd9f48bfaea84a637c769840f5c3bdb658,13428.832991666167372295
0x42ab9e1c9332e61eba3a17b53fce2abf73dc8b12,11771.027263992759587573
0xd18c9461107896177a3758514a2098fa77e95b7e,11261.406248375391828784
0x07f58c9792bc03443d7b96ed314800a911a11680,10233.552692075609473696
0xaa679e4ee126f49c4c7e06bffae0f64562e74deb,9959.571645347347192104
0x1929a0454cdd4d925e8fc9b6c366ecd7844866f2,9806.566696940791084653
0x310d4fb2845c3e0c3c57165198d65a5327a373ea,8732.398368027970088112
0x32471db667ef93c80f0ba9c7163c7a26635bff19,8299.548639039305812304
0x92ad2575e1d8a5876616518331f1b7aeb03068f9,7077.860367221399447507
0x0941ae5a513cc77c99df2b8f9f35281003d49510,7016.611480038480761825
0xfac2f11ba2577d5122dc1ec5301d35b16688251e,6688.513053811662067192
0xf7f64a1930c5c2d4ca5f0fcbeeda639f5c6d8192,6583.402100845443145773
0xe13a4be266ac4b715bed72668e795db9da78f2c7,6272.496219055500756736
0xf1363d3d55d9e679cc6aa0a0496fd85bdfcf7464,6209.383679827418584766
0x9a82aa6edbc473a883b8906bf41084c9c1b760f2,5997.878131207759554524
0xeac446a86091dac36348df5fec35a09d0bd8e7d7,5445.175166718245730206
0x58ceafcb29476a64590c39ab2df40cfba7d0b06e,5270.566686647924216296
0xbdb1be928730dc4dedef5fa4a4b874fc6124f979,4950.609019793727595581
0x4e6524146d6ac59707ed1d5473ac2fd2a59131b4,4927.600417995317942229
0xf035561dce033ded865e15e69db06cffc88d9213,4674.666901719897255859
0x0de6d3bef0d5dbd40bacbde2d0f7836e130897af,4439.018861839051102682
0x0a338782562e1740b9468f0855dd4c51f29defde,4205.158363472839241409
0x297946c26171008ba8c0e5642814b5fe6b842ab7,4039.170438455582156054
0x5c10afd2e8c8ae7e282aea60759209f32edfe3d8,4020.390520032071506371
0x37469a13baa13900d49d4779d51ac3a274ffcde7,3978.030037733071871118
0xbc7aac28d2e9699a8fddf65a2ff828c221a5c261,3952.178654930937434159
0x6c51d544c1ac203148484b35e8d0e741cfb67dce,3699.698948668765351962
0xfc2486494ace5336abe687737cfe604146f7ae98,3642.362844520364004256
0x6331dc0de519a75ee1b0b3505e858ca3ba30b84e,3455.509315836985982416
0x1a201469d96f7d443e71ee3997efdd6f2ed33f50,3219.268917989018509117
0x906cbddab9ad238bfc285604d7ea6d76e5badfe4,3218.304466099200321441
0x131f1d9ce025ffe96a942c631cfdb2b8cf176091,2906.571915967772357117
0x91f55200a8edfdd247b9320f3edf168d8ead2b7f,2890.386003096021397728
0xe3f892174190b3f0fa502eb84c8208c7c0998c50,2848.326211872846537190
0x34bb0e6e868aff5a7661445362b3a62551a2fbac,2808.942232300120963327
0x1454db9f51830941e668f2ccfe7c540482557625,2802.692652120018823714
0x6595732468a241312bc307f327ba0d64f02b3c20,2776.323607678150913093
0xb7d4b6676dd564420f3d64360b9c5bde4961bd02,2696.474532824940693110
0xf03a6dd8555097a4f8ef63ef6b3591724aa08530,2582.274457928733259136
0x37c911910cd06cfeb749d32ee4bd73e0b4eb9647,2542.442708778210748966
0xd1d366f31cc2fc50c8b8d8eb9f9ebfc34a006376,2530.678560678147148591
0xdd3306ebbbe2bd9238a79b0bc95f29bdb915b592,2443.869574749772809886
0x4ec7cdf61405758f5ced5e454c0b4b0f4f043df0,2394.965533398062206774
0x27022406aeef6ed606c6e45282b7729b23644984,2219.066698004285902473
0xf81abb0fdc25ab446bd49c882b98e5399194c78d,2075.800783020491145662
0x04922fcc8434589998449d5828ad0be16c935fb4,2073.557962461797782779
0xc28e21b841487f6a50acbae4d09d7f4d4d012bcc,1988.637575217004329368
0x55e1490a1878d0b61811726e2cb96560022e764c,1834.832606683155784094
0x7e1ff06fc9adaca7383560f3d674c6b686aef67e,1748.443184724313569380
0xdb478114eb8301a7ace35513c3312c1eeb8d99d0,1733.669844723278043655
0xa6568e845de6de94f2734e26f7cfa2e31baef205,1638.046399176991192728
0x8c8573044f4cbe11f92f1b7fabcd28f2f4230a15,1600.944329712966746853
0xc56197bcf7ba173f009d971c8b087f4f9f6e4203,1539.508128946106347543
0x11dd7bbd76ef94d94c4179b89799487670b3dbdd,1474.623568806711996581
0x7cc696a7734f459d55d1b4d716b1f56416f0c21f,1469.548387248809608579
0xe9bb76c255c2d8fdab4a78d46d32eceef4cc0832,1464.287795604705672662
0xf24ca1cdfdba0e5e2682d8cac627821d43adbecb,1371.913100317795749955
0xdf8752de9b615e991378c89d1424fc94f4ffa2d0,1330.419323702321454361
0x581c38d82f005663a5e1caea1ebd4783a70cac03,1273.932793978074948701
0x959af5d3af340641a8127df93e9d49583e81e4c1,1271.704117845055572604
0x14c59364a13bd0e12ff2041cf4aa92f52fd1de4b,1240.546242536400927274
0xdc7c5b169e17aef7dbc51e0a19eb9223a96b0193,1160.674861486093887607
0xc4ea7bbc6b186089ae4b90e282dec17ee08bc340,1078.121938204729402940
0xf11db27da72c48d9b06885cfe7bcc817ac9a0287,1068.314383837934977920
0x83deb18dc5574df9558abf719b7e109fe050560e,1032.209468933210434295
0x183b6267cb9f985a8aa7fc912672a21d644a4102,1001.974873585337613887
0x238b4d4ebd41c8570bfa2fc859cad272e1042502,988.650384144209335058
0xdc27620f4e2e3728c2a3d209f748f82eb1e99031,987.526921427667254627
0x214f7b85a0f0aa067bcc2ea6263dd4b0ede8957c,957.480356845197184913
0x0bced0863ade2773479bb3582b61ee1d8e2876ae,936.626718087986265560
0x41518da68f74c256fed8c8590cc67b0226adf5c2,913.203501903022995013
0x293723c4b99e60c3093eb60963c30555d14079f4,911.326346037636660817
0x968cf7d8bbe57e3cde24ac1e2f2a52dc8ebf25e6,881.635700792713359412
0x50ecd4ef5d719b1e47dcb09fcca2d86f8cc41d96,861.383095380003140064
0x38554f8b4282e82adae04b8f661668ea4c6864c3,828.603508243082452870
0x056590f16d5b314a132bbcfb1283fec5d5c6e670,825.712699518937004968
0x68f9d801c96ac6ccf562f3600cef77c4504449b6,815.190429372408554434
0xc6ab35d0f7b64f3b1287ed463aeafb6d47b3ab7f,784.703809247108255964
0x630184b0a149118e898178db2c1fab82a39bfe33,772.292624947619740587
0x2d70bc8a7eef5344d8f7d9ea0f528af38a84deb7,756.642269603956030525
0x90faae2db20120d6b8bc60f1a8af79ab9d1eefc5,750.244424718564372683
0x87806fa6481dee55438d90bac808919f35a027e0,698.207255518556579797
0x6a07ea36da7850cc89be2523eb9423fbe7237061,686.034358619599702270
0xd2860356e7c28d8fe65361679ba79fc6719bdb9d,681.611754106201633289
0x8628d73d3f950abde99739ef34b6cfa10394f579,678.862471730529331926
0xe0bfd08da4daf8f8ba11d1c3802009e75f963497,677.711689817542288443
0x088953d68e9af6700eb75a5b59c5853cb6a9017d,645.603870373179069692
0xf72ec7bfb2aa9170859d5e759943a96d30fce15e,635.805978534893349174
0x605b5f6549538a94bd2653d1ee67612a47039da0,623.265654335488189955
0x5f350bf5fee8e254d6077f8661e9c7b83a30364e,621.679558039724115281
0x03c2bc72a3e007179e54ffb4563cc235bec8151a,608.113091511036129532
0x067d21bd2acb83aa661d1f09070cf99fba884e75,600.094592768290382196
0xb390258d2b0c9e384014a9108366786aec334fc3,593.322028096801700907
0x945d5bcda8dcd9cd8b221fd23cf4b6c0e7e50bd5,588.849608411732892843
0xde9a43078edc7c66fd29fc9de6603bacacab244b,566.049592467469899174
0xda4e42749cb44afa7222643ca0a3218d8df5ddb6,563.780434037108046143
0x310321c3e8c64c01768e8f9915e8ef0841b023b5,557.304402864250721743
0xbbb94cda8f7ef6c552dc5eec6a058704e4ec3276,556.037359708492151059
0xee00fc9771f85b4f72972d4e17cc6571f4f3fdd3,538.948294001271397642
0x4a8918f1dc799610d45d13ba7d98d1870a537484,532.497834105582790069
0x3c461ef49f1a709942582a68fd838ee6b6cb62ec,526.435514241707070854
0xf2eacdf58691f06a0726500a88f4e9994c9b9689,525.368230877535777930
0xdcabc755fb10931e6d8059113f762cd8a6813deb,518.635817698538888127
0xf469edf62477a96e2f34f1073368c1438af3eba8,517.486795112316365932
0x44e4e859e646af0642e1cfa3aa618b3519ff086f,506.352397461360487926
0x1eb43e0dd768b3576849a69ad56ae55160709249,489.944926983326322165
0xa9a9ded4678f4d1d6655a3a77e20cbe0d7eac0fd,486.060352918613106912
0x4cc6cb9e547b20db3b36f01a272511123bcf39f2,479.675240452150493198
0x6c4d27d3ae62b6c1eaa9b732377f7ddf3cf2b1e6,479.529122219346951673
0x99618ea069bd1c9af66efdcc2cb86db57ab8bfb6,477.356137985253566687
0xadebb925c8146765de2e15afedbf1c49335f93d8,458.039366558811698287
0x1c494f1919c1512ebe74a5dcc17dac9a64069023,454.859976871303884467
0xb1ff8bf9c3a55877b5ee38e769e7a78cd000848e,450.005997961701596219
0xacae387ccc4c32c04c40d93f1ecfffbfabecd41f,441.822269938818226556
0x5668ead1edb8e2a4d724c8fb9cb5ffeabeb422dc,437.455800309677892371
0x4718fc7e40092a9d5fc584699aea1aa4c6f63d33,437.411723556702959746
0x91f08a0038fe6427d217ee09e25bf4f7cb1bb82f,432.346949655583415889
0x7d9ad514f65b689c252dd772c4a69e3dba01dcc0,431.871652320836354905
0x748a6f948fa053de301ca4191a1347ee08c82862,430.341886128876156098
0x7624b0284b2a76da321b2f7ef27481d004dc235a,424.630143002059583368
0x8211b7685382fd53347e0449a9a21f4f262c7869,424.446754578244455259
0xac541ef515090a4e80431c257d58ff09a72e97cf,423.463832239794103753
0x9dba57b7eec1ee34e65eb0d34335ae83f90a9550,420.496765263002771680
0x259fded03fd0b9e40baec48cd7589d0123410827,418.089054043389193469
0x5395020b599312b462d3a7f12819710837c39e35,406.666149478412407790
0xf9303877f107f5cd2cb0654b6d7a6d749fa03856,399.170686504055654849
0xa3ebe17c761a9a27e03602e95657e6cda3b2f3aa,393.894859194795508494
0xf77c0caa638e9521f081998ce1789aa8dfb5dec1,390.716743470931054947
0xb25f71f036bfe7064d638e049c02de80d2e10c5f,389.451213549304802718
0xb0a24584ea208a772f91dd77ff75a40635c1196c,383.710094475568984472
0xeb1fbd65f7d2a15f4ddfc0714019975f4a77b21f,369.567981427347596315
0xd1047b7f82812b8ac27509c5e38c86e96b8adcf7,367.025111197272319350
0xf8b2fea6951ffbf899e5cda86fd5e727e29e2235,360.614269753014025202
0xd52c583dc6ef87efb1b56460dbef74c14ca1f519,359.911236426863601281
0x1a979e39a5cd60de54e2ca4e1442c3ab7e636ce3,357.644316157231003928
0xf39e83ea1f79e063499f80c607747ec4b697e0ce,354.840676476376041063
0x43029ae02c4a953a99210fa4fe7b85bc475e0b62,348.576536486803692780
0x8da02d597a2616e9ec0c82b2b8366b00d69da29a,343.493233335045985443
0xcbd30b241c111e38b5fd728b64a4c29b7e9a4f72,334.282188892830960938
0x86c8b56d124c2a8e7ea8a9e6a7f8ed99dde5cca8,333.668358834539784574
0xefe1a7b147ac4c0b761da878f6a315923441ca54,332.384325162650123908
0xd4661d0642cd86ca5966247eff72e64940ce610d,331.641996972597927327
0xd384f5d8d80516da5bdd3d401b598c69d6dd28cb,331.375744727690279795
0xa9bdadce387700b18a3d5c2a668395bdadc7b76b,329.430420557822849907
0xd7e3cf25600df884d8c7f01f06141738c45b7ea0,326.479157168677721574
0x01c623b3d66b8d28d2b6d1fc41e3c2835f1acd86,324.389829244825610995
0xb3f8268cd6a428c0b0ac037ef01f340a7ec611b7,322.419906521427037570
0x50d33ae0fb883732cd2d786ee21ff505f6d578d2,313.873200127748041567
0x020982ffc013f338f9e0b46da61ebfda7f1e1d3e,313.760311906877317020
0xeae2e2e7defc5fe65e2204c3b5fa239a2beaf93d,311.547504789512325104
0x40d89bc5ba54b877d7e8f07569432d884efee029,310.499188407887188954
0xa51ce0796d32e3cc932c9a9e01663f68f71d9cbf,300.082160636857674128
0x0598d2c365a5661032a91da03ed74e298ceea67b,294.779326842269994855
0x7b06bac704a85cbfc27681fac8a81db85221281a,292.852053419535775035
0x850895d31e666b4619ed639af485de52f74eb2e0,290.853224172545793745
0x218f23c2b1cbc74525ee557ee366b636f4731636,289.984768775575968923
0xffadc07f1bfb127f4312e8652fe94ab0c771b54d,288.805319919047390931
0x33f3797c83a941ef0ae73dfd0ba4bdb7121e64a7,287.501118741998852433
0x0053b5daa6d4c2e3d16f2b9c10dc04e92b14a818,287.217604369635108480
0x037a3079e857e383454fefbea892fde12a2e83fd,277.658476556240140535
0xa63aac718d9c6ea78968b2ab82593cdadef56177,275.204497751076265686
0x0ebab19f412e1afd2b90842e5c632aa186a4f60d,270.645047722039369131
0x31f46d4bdd612c3efab2077a4c0fed157f3c9b63,270.178905914881873829
0xf48bd08d0a924692e859095287b7c2c7d4cc4406,268.660879602507813990
0x7d2e10a52eb243e87e98648b89e09fc37b473779,267.737944501810033300
0xb6d9183e413b345eafe184a505d5a07dbf166f90,265.807341130242992698
0xd8c8f8e07f779c34aec474ba1a04e20e792b5c5f,265.046411535260990535
0x9e67d018488ad636b538e4158e9e7577f2ecac12,263.565910865780209089
0x87291ff55ddaa05e6aa6a94316d8117240fab5c9,258.755169575755292506
0x5bf331e6e97343a1c6c0cdffeea7f0c2ce24f39f,257.140831608511549082
0xc4d67ee43980ddc8a4a5db20a843828d111f6398,253.684068680892684571
0x0c28cb4c081dc2d1e63dfe3f3efb24f6ba14baa3,253.600416235455248862
0xb4fc837415a9236e3d3017c8e1b8ee0b962a68ab,252.752529735676267038
0x403e06526d8e86862bc53c63f7d914c9cc1908e0,248.415323137476532854
0x014f5dbb36225823668ba2ba1023056c75abe016,241.672815544270819124
0x5b9bd46649f64d84bb6bc7ce2828c88e34456647,239.231946078787399625
0x2a534e0186d3ba764bd28c612a9c8079134f2c36,238.477880510910661312
0x53866af3d5688ed9bf27b08608404502ed748e71,237.390608459916119137
0x1a81697c7f14152f57d1b2ac3cc43f1796bf452b,236.508654700631302923
0xeb5d65d3b0baf30f04d92caea48853f79c72fa5f,235.449911347032632258
0x5eeb1c435445bc39e741fcdd262d76e7c756e859,233.977132712582253292
0xb167e0f2c405b20d44fd0cd3dd12df1b40ca6c1c,232.845916797164621868
0x5d47e5d242a8f66a6286b0a2353868875f5d6068,232.284835168276049733
0x237e01ae458a6db3370e2977fdbf620f392053e5,227.302588915310187352
0x6c54cec88fc1363a988cbdc7a2e13b7c0f4521f6,223.820067056684723016
0x33ea8e00056df0afe7eaf8bd2a8b9491395a22cd,220.276398597071680937
0xd5dd03773883c6f12091994482104fdd27f14118,219.819941513859225016
0x10534d4e612071e6b6480c498dd8bdb8f51b9ed7,218.484780755377066642
0x227e0bdafa34fd631cecb83e2e06f403dd25fdbe,218.004817756664130112
0x5d79fc3e6a91e249c1193d8326a912f949568646,217.413548605422800389
0x31d173ea66fa8fba38b3ddb798c1c1098f3ae8c5,215.222673341139149672
0xae99b0bbbc98a0994751951adc43f353de4cc528,214.627205250665307531
0x313638c16b16183be9ae577a0fab9fc5b5f60f69,214.526884426691664930
0x7742d70cb3ae62e4d7958c5eaf6c0a45cdc9ca9e,213.864167760875984114
0xcf88fa6ee6d111b04be9b06ef6fad6bd6691b88c,210.563613893905743494
0x21c8ca3d08213f2f791a8bf83b13be7037ee453e,209.938416363872975489
0xd6b67750bb8181a327bebe28a1b5b2b440b6cff3,209.053511184151891251
0x3e365cd509abb08e31be90a087ae8cc5dbad13ce,207.796276745958056278
0x9d71657276a25c1d3b84e3cb570e58e5b51741f3,206.331148625373790429
0xc2fadfc3da92bf5c3f14a6c7bf670fd9791ddcfd,203.907426717396313049
0xe4e69ef860d3018b61a25134d60678be8628f780,201.879982194372102078
0x3c0c0f3f2c78c4cc1e27cf5ce656c2173d0c7b4d,201.811474416544423717
0x05e53a1eb93d3654dffd49bd28c57e7f6db319b1,201.653796744353826867
0xd68a8e743ad94769c2e625622511ddc9e540f486,200.227408379984040021
0xbf941ace8c47986af48128f90457de2b368eb47e,200.156116163040491904
0xd047b65f54f4aa8eae6bb9f3d9d5d126fe722b9f,200.102199655210435845
0xec3281124d4c2fca8a88e3076c1e7749cfecb7f2,200.073704652915080584
0x4215606a720477178adfcd5a59775c63138711e8,200.002585491049198267
0x21fff64975b0c9cf1202771aed6cf104c99a1667,200.000000000000000000
0xdec0ded0606b7d0560adebd6c3a919a671db4d66,200.000000000000000000
0x449bc203ef8b44cf3e1cb727f571b5aa84c59426,200.000000000000000000
0xaa81f437162aa03c932f153b071e60318d0d644d,200.000000000000000000
0x869890f21b9482307316595bdf5ba5a843a87282,200.000000000000000000
0xd3a6fdd4408f5fd15623abbae9041025a337314d,200.000000000000000000
0x8ac5c1cbafc564fbd01ee4b116dea85e6a593ab4,200.000000000000000000
0x8c39921d6a5686bfcbdc7fb79728741da7045b1c,200.000000000000000000
0x5b9fdf6b11e641af42f5cd98e2f1db820746d802,200.000000000000000000
0xa486f09bfcf38735a9572958aa164692286652fd,200.000000000000000000
0xdd1fda3a01b55791ad0e5df011f1af2c20bc7d30,200.000000000000000000
0x9248c064abc10eb14ad530b9ce5d39c56a615286,200.000000000000000000
0x4f15c5eb504180613c12a604b33b4d3fcdc1121c,200.000000000000000000
0x1e341aa44c293d95d13d778492d417d1be4e63d5,200.000000000000000000
0xe5dab8208c1f4cce15883348b72086dbace3e64b,200.000000000000000000
0x8c065de53169bf590f935f89dc7d678bc50fef33,200.000000000000000000
0x45edee0f7de13381021c0ac5f51da7ed79fa88b4,200.000000000000000000
0xeec58e89996496640c8b5898a7e0218e9b6e90cb,200.000000000000000000
0xb1bf41ed58dd36134f08a1bef12ca448bd9a85ff,200.000000000000000000
0x7f64194f2a48d21e98361480354040e4cb2503ed,200.000000000000000000
0x84fa1567b010b1f5354973aab1097548c17799e6,200.000000000000000000
0x1146f36cf74fbb2971dcda652d0a3f4289a39d53,200.000000000000000000
0x66c7a7348250f453a37cf86410a946f9668de386,200.000000000000000000
0xaedd44ca31d12a2693b95a083ef7ed7ca8b78ee6,200.000000000000000000
0x7dac5dcc33e665640546d2db1d3fe88b27e0082f,200.000000000000000000
0x4defa30195094963cfac7285d8d6e6e523c7f90d,200.000000000000000000
0xfa05e3dd089d5807bc9525bf5ac4523a6e56933b,200.000000000000000000
0x9ba1d9b7878ac3e35546fd41892a6849dd3cfd10,200.000000000000000000
0xf29b80923752cba152f1ec589d29f088e312b319,200.000000000000000000
0x05ef6a986271106ace3b99082cf766525fc6e6e7,200.000000000000000000
0x957e73453da32b34857aa6d7110247d0923c2ef6,200.000000000000000000
0x2334adf5ea341daab6d7e692fced2e4c1203d36c,200.000000000000000000
0xd04403aaacac36837faab3d5c3110c6327ef1302,200.000000000000000000
0x0affb5232dbe33496717c95fac589e2eeebae887,200.000000000000000000
0x8332c9c551e658fc172b55fb6093346f157b99b1,200.000000000000000000
0xc28a58cf7c3b1e8236c4fe7e95a38efe19fef451,200.000000000000000000
0xc994f5c186500082d5e4a3ead684f1cfa50eb894,200.000000000000000000
0x2839e0cdc1b5d23dca1ce129bd5e4a050ea4d8e0,200.000000000000000000
0xae295da1b5941cad51e9dbd02e6f2129dfab206c,200.000000000000000000
0x7221e37fec261309bf4bd4e95dc129f1372f8082,200.000000000000000000
0x42ea529282dde0aa87b42d9e83316eb23fe62c3f,200.000000000000000000
0x15bb706e4f34e71c29d9a4c18c78283bde006e09,200.000000000000000000
0xd8a9f43b7720b441a04406a288b6191e1651e755,200.000000000000000000
0x2bcfc0e9cca9c5993e5460d0ad0d52df45d4df75,200.000000000000000000
0xb2af92a86eef74d763bb0a6bfee0d8111bf62970,200.000000000000000000
0xf8081afdcd4cd291cbb01d0b644ec64c7254d47e,200.000000000000000000
0x38f4753c4d695ba0cf175b37bcdb825d8c0b6c44,200.000000000000000000
0x74b9a94d592eaa9a911161e5a173cf0455a3651e,200.000000000000000000
0xedd6d7ba0ff9f4bc501a12529cb736ca76a4fe7e,200.000000000000000000
0x0baf7b79f9174c0840aa93a93a2c2a81044a09a2,200.000000000000000000
0xbb48dff7e8c04256d8d2acb384e4b0d4b99453f3,200.000000000000000000
0xb41df9ceb13bb1de309fb152aae24606df3b2816,200.000000000000000000
0xa00c99f5f955552742f1089ded88abdc74e67bac,200.000000000000000000
0xe09b07ba69113861aaaecf1e5332fa105f85682f,200.000000000000000000
0x39811d0733b1f44407d4bae21d9106ffd983b44f,200.000000000000000000
0x81be931f0dcba890207f896ac297f0ec96a365f9,200.000000000000000000
0x71ce21a0776df966052cac4fe98d18313dd3c214,200.000000000000000000
0x7f848122152aaa1cfa50eb0e3f97c1af6cb74e99,200.000000000000000000
0xf73dc742b6ca210a153ea556ca79b6a7ebbeaaeb,200.000000000000000000
0x7aea8e15dbc4123d7cda74173387dfb89e716385,200.000000000000000000
0xbc8dafeaca658ae0857c80d8aa6de4d487577c63,200.000000000000000000
0xc2351c961181ecd4e682857224e873ebbf956fde,200.000000000000000000
0x9c959fb890b4e26c75e26d3c0fcf15eef1c7943b,200.000000000000000000
0xa00abb2421791b6c26af5ffb4d2f0121c8663bdf,199.601562522726982518
0x92399641c9412de2c255986ad86e6e5c19224f68,198.526275277155602608
0xc07ef9fda2d42a7757172f6a7cda2a63599591ed,197.296738839407070410
0x7136fbddd4dffa2369a9283b6e90a040318011ca,196.582034972731522338
0x891bad61014e35395474a260b58bb6df4fd8991b,195.503163650575155033
0x168abe87b7e96e825dfbb0b3860837d295840e67,194.389600575413348564
0xeb2955bcc6b8e88224c2223ce8cb54ae07bc7002,190.114762121286613650
0xcc05bc903361c425c163d2830ced134e63c90c0d,187.207439560496191512
0xd4c80637f45a55b5e1afa9cd0c935395063d4523,186.616113242096479052
0x755e876a6d080912cddf1ad84feba0755937bef5,181.954125333587721513
0x86282134ce9fc4ac724b84b93d6d5b41ce59a40d,180.434103190096561837
0x0b0efad4ae088a88ffdc50bce5fb63c6936b9220,178.511593341607246956
0x3b9b9e096c0206c0d66e234c6dfd376ba15506be,177.792637923507274302
0x1e17a75616cd74f5846b1b71622aa8e10ea26cc0,177.649240534610028938
0xb3970949c8ad6ffecf81f45629f9b990ceff044b,174.348064356304712478
0x2e7eead903ca1c33f5e76967b51d29cc293d218d,172.858082920229798630
0xb39d0152dfe751d20beb2f96298407e63fe31b11,168.405328601057652430
0x03b0e025d0f00fcc74f8411008c53c90a161778e,165.876578281573318605
0x38a1c011890bc95fd4b43b622e1432c859d097bc,165.746126160032511605
0xe4dfdee5ca95712c6ac1a53a5f8b4465d9cbfe60,163.684119849235811761
0xe83985c16417528c6592409a26f37c2f4b0217ae,162.917133483744407931
0x587e233b397d0d1de0221e5c4d887f3e51e8869e,161.602673584182201239
0x4775e7f9fc258259e88ae6c6c245ad85def7fb3a,161.566286824886464479
0x35e86d472d1a2e37b9dbaab9677230605c6624b0,160.992238882838164018
0x9c4d592042f959254485d443bbc337d29572264f,157.560182821289778102
0x2348fb97d600cfbc0882cc95a5ad155dc8a42717,153.674917810047771205
0xe8f0c91b2b704fabb38ed337482d120ba826ad23,153.581655307574051662
0xc9335b81697858b1a3c91a18a98ba98b9fb41016,153.182550867407465517
0xe4f077bf767a57ae9aad77b0ab54cbde0bede65a,150.153223247080579552
0x747abf1c6b77ba016657723606ac6978aba5a62a,149.367848782358588202
0x87f68d3c871442e32247b0584c2efd7012fbe1f7,145.305025974796838406
0xe88c68ec6d6abd05acb5b68961bf2082a2b69f69,144.090519454987822483
0xa928b7626d2e32f1f1c2d346848f21694aa4e02d,143.537408527374948615
0x4f9217a10ee4a6c3c1acd3f01f93af4804342cbf,142.286767963791106826
0xc28704640a3c4f04667079a63060051eba9d4a6e,141.280644831703860113
0x2fe69b7c3e46a61af9f2528e437780913771bd9d,136.161922269610132878
0x10a05b62880fb6e15e3a65ab4c93ca0c53df4597,136.141876468005498921
0x4f262395cdead58c12f97daaf1b44b1d0215d1c5,135.254669344594530607
0x7f048fe4176ab39e225907f777f658a6efdd42ce,134.971886031932313930
0x370ceca4fc1287ed99924bba76259f6c771a6022,132.532182613946413565
0xd7f397a87d0b308ae01c551553e95d3669506910,129.328214881807880467
0xaa33f700653c8bec7b731b9de3e81bfe53b8b8e5,128.021918403354192257
0xf9e967807e6b13e9958ae0694de8df6e620e75ab,127.465902532518184428
0x28e7a475ad492d5f5130c73cf8aeeae85fd79e4c,125.588028082722447793
0x98c592cf9ead972636df43b3bcca2d8515ca8664,125.188478638378873623
0x1d5733a402962a8317da8c96e39a258436457fed,124.394395689124023185
0x2108312f8d45b824eaa4d37c6bde875e40205499,124.298987295990277949
0x213892c753e59c53d233209c178b28a4097e652b,123.585294078821722388
0x57c924feb43e30a08233661f8782d10e378cd6f4,122.881990871260091133
0x7b7245c21845c30690c3aab79dee624d7f2ba22d,121.802292910293944156
0xed1b4bcb53dc60cf32be06dcc9112954567a2813,119.921385418361093500
0x9b091cab92cb6b62eb4b205631e1d987d62ff83b,116.987292467240916105
0x011ebe45c131e87e187d185b842facad9e8e9dd9,116.049277497232638649
0x532ab5f96aff8f09c149cca7af19a0bc9564af4d,115.128553040091893320
0x0bce321f6f3b07cd2198732206116bf84ab763b8,112.846014218699550060
0xc9b4dada93fede9cd1d8cf7c28afbf18ea9c5429,111.145189825107701123
0xd5a4cf936473d8c9d0653b8df6337bfb3b364ca5,109.067580524469959171
0xa9b4098c44ff13c1fe2f22fcbe33e935aaea0941,107.786571993607559156
0x3a2d016124df975850b84a6a970ecd5725bf793d,107.713419855073747632
0x2bff28a82bc4166d535bc9b803f77c09d47fb370,106.308239561364172246
0x5e38b802525de11a54506801b296d2aa93d033ef,106.194541873415351680
0x8ab0fe3d61e372a0caa2b2acf6d1ffdefd1c645a,105.692743549916306934
0x16d1663a00d4d1a216e0baa84b0abc69ba35c156,105.514442171180289143
0x6019d32e59ef480f2215ee9773ae507645b47bdc,105.344752847952823997
0xc96265c36f6d77747f9c259946a1ef55fce946b7,105.299578460753957293
0xf2858f41efd8a0480e2773a92915e03366f6365c,104.471350655268520928
0x1a72d704b6b07e0a172cb3a13201204771e50b28,103.253486942239370394
0xf7476db5b717ac661c027e684456115ab1e728c3,103.083183834360344313
0xbd1f7d88c76a86c60d41bddd4819fae404e7151e,100.481541521196929290
0x0951ff0835302929d6c0162b3d2495a85e38ec3a,99.285495419837241059
0x1f08863f246fe456f94579d1a2009108b574f509,97.172064165159972692
0x2a2389c6d7dc2fca615736b8c75e3fe1e4551a88,96.518518614176724494
0x97e6b2e0d9bc9809ed5178bc27b15a985f288274,96.200130326511953382
0x2c2f838f0dac3f4915f4a57f3cb63abcd806ee40,95.989115699246286859
0x8a72c47f190f2118227a83da784a2ce45c54f484,90.438349569656157251
0xbe88f94781de8d77f0af8fb312eae9839e3a6837,89.517729486903164228
0xf5c16e44b8901ad5f4d2b1fd5e19e2fb058f5650,89.238685980077241786
0x7f4c1ae53b95c8e604e82535cba1ae60c9f5b082,88.114227296931617715
0x88f926e0c03385b002d8b0f13fedee33d22308fa,87.999425103000572903
0x6508722558db697c65d143b1c2ac46394958112c,87.320188244539444857
0x3b50ae7919823329134e86223b43ca4341b5487d,87.130757498110416868
0x7ebb71274c871143a8c3ce56e804837684dda0aa,86.478396095549098223
0x12cd4302eb0911220f9f36e0ba4f467117f55790,85.957355866419396733
0xfaeae15f2deded513081cc4dd32f2c55ca9ef0b8,81.972516364020685681
0xb5c0f0ff448c4891e04fd88ff77e634e8c9d6e7b,81.733090912778983373
0x9792112dd2d30dd3f1c147ef52eb0824ddd9905e,81.606133794257398410
0x167f05d17e25363ca1c72682e174e004f16d6a2d,80.851949342891561270
0xbd08b2a7cbaa4b32238c9eb48f0738eb57ab422c,80.403106190148091639
0x4ccf49921eb778bd5c9a5dddfd4aeb6c97e6a9cf,80.313324659329387460
0x03f02d33cc02e006cb25f7c7bfe3115ee6b55283,79.429057406510969866
0x14542c39b1799a5600c38222751a0809989304b8,78.485081609819671566
0xf9ca61b2c3938d3c5ec8fa669622240a7a0cb316,77.593937361736514487
0x14c90b59f95b9405113dfedbae88fdd20c29ee36,76.186345148106704731
0xbb2d5a23223a7181125ba2249dc63d06d3460bbd,75.120790848775337481
0xd91ca561d7d7e4de0c3849e5785732ce0229b3c7,74.868633087637583389
0x0228bf1ea6a3f70a3339ef80d3aa91b92e8f61d7,74.221134756977277838
0x2743c948dec505e846619e4868c6c67c72c02631,73.757652180046565935
0x26d2bf8670f93cb4789f76df256e5e74bb6863a7,73.194993574103373072
0x39c3784d43c0fe8845396ff1a9dde62cd4667d3f,72.927159543236911628
0xe5072116ca31c712fcc75facf1e62299d8aa7bbe,71.721537585250852369
0x2a8edfb340ca93e620701b6033daace8381d82f2,71.396902839731180527
0x87047e1f1dd0420194ad3e19d5db9452056c52b4,71.310535471437844642
0xbfc5144789230416060f015029064f7c7c83431b,71.056954644248153240
0x2ab6c7ca993bf3a58bee33ef2f0dfc65f8933c03,70.252831317084908556
0xcd8c538a70142b085216c03bc08988c5f07be83a,69.255823287311905264
0xa70909789249513a004752e3ccea2766c6eef31b,68.244135287362507502
0x51e21454f2238451f45f9beaea2dbf0ac2dce0c7,67.298014969153867476
0x741c0655707cd7276a6664bbc3c07bac152df84e,67.256108217950120771
0xccd39fe280d15f8f7d5d54cb16ee13e172ffa93e,67.189756885520498289
0xbc35b605cb9eb84a1ba26afc6a5179d70ba62c06,66.767936064524340983
0xc24d8266c47f957a4a4115bd39d7fe1b0366a067,66.220105109958130181
0xfef8ec8fbb29abf30715c33221a1be2602f354d4,65.911120252385016598
0x1049fac9b28210207bfb66eac11df5b6eb234d44,65.749287836223518921
0x6f836a35c608c7b50c4c035d56f4f914e05a8d9d,65.720574026733819704
0x9eb9e3dc2543dc9ff4058e2a2da43a855403f1fd,65.489854466381031656
0x91ebfee4f90adb3c64d5f171cd8d1efece9cfad8,65.145703537393765394
0x4266071f3101a88df7870a0828da56fc9bb40756,64.308947118598373430
0x4c806d260846a0a9faedb405cdeb1908f9bc32a6,64.093605851359578990
0xf0a8c84b910ca994a9b4dba1fb02abc1e497c159,62.228784350069982271
0xbe94799410fc790e2445eeddc211cd03b2754558,61.565833881445571938
0xcf8e7573894cb97d2589efdaf04cf65b8ad94cd9,61.349199607244016356
0x34bf2e2339e0cdf3954820177125b1e60a79e36b,60.402983699425954358
0x0387d965a607009b865652830e675a2ad5c734a5,59.633357770316832466
0xe31ca893b9e7d221eec832416372a851ba5b0071,59.495026741691788946
0xd27e8fd8638613b40489f2132d75aefe3a0a41bd,58.803887771276686860
0x4adaeef3521509a73d6f71177c4ee2cdd184b734,58.646108669534008839
0xa10bbb3652eb8e88c65d512c84ae0a5adf269570,58.517137530282884474
0xb558bacfdacedb78569fbd2a871b871c2e644057,58.401328561627470110
0x132ad72fa599360568025f724d3c62535d6bb462,57.878459729320954122
0x8000f432747ccdc71b9df9f8eb96effeeac6218e,57.259457375113156880
0x68d36dcbdd7bbf206e27134f28103abe7cf972df,57.219034263927771176
0x05214c95931d56f318fd1ebfd05d697e03f97dd4,56.618457296693620917
0xe0e8c1d735698060477e79a8e4c20276fc2ec7a7,55.958168777750736372
0xdc18dbc8cbb728ad583f8a6ff724f029d8db82fc,55.810081748186746763
0xa61e1bfb4acd1b0b8e89568d8721a4b61e485dd2,54.953965906733277852
0x11f9ced89e64ea505ee44d07ea49848522729ba3,54.800943592186990270
0x6e3e49500ba35519865a6118bd7920481d4df594,54.235070946513609059
0x112583edd39c7e76ec41c91907a2700512a9e59f,54.180000873020452480
0x4ac7e012c840dfdb73b2fc2f09b73da14d613803,52.913464622226825318
0xa53a6fe2d8ad977ad926c485343ba39f32d3a3f6,52.650285138047027252
0xd2c3d722e9fba408cf33a0abe0c3903419a5bbda,51.286676374855101305
0x3f3003dec579ffe478be29133c22dc1bb273a2b8,50.955384698757912738
0xa69eb732230f041e62640da3571f414a01413db3,49.078236546886372587
0xdb6189758f3cc6f0251b938c068a3ed1b0e86569,48.937048463056974153
0x720972dc53741a72fee22400828122836640a74b,48.190697558674846291
0x23190831619f2b83c8dfd00ea31687a13bd30f47,47.389392111435696734
0xab58779cec2b82a75ffd103fdc88d7e3adb13468,47.372139306830000956
0x92f72e352a4d47e5cda604f9e1f00c876254df14,47.361631677061098318
0x6632eda2685eabfb7b3b45669cfa5441349485d3,47.240608395062279734
0x016e6b9be7f5db5d4d7399a2b41c6d010b8fc43d,46.359402524384641947
0x8a0bccfc1d7eceae83ef0c3825c6e8a6afca968d,46.353452230067624752
0xc2ef8f15ed3a353a18797fd5b02d5b115bb0020c,46.289012718524441315
0x11c44309298e6e88b25f2c27bab5ad8d05c39142,43.410619558119127642
0x3e0cf03f718520f30300266dcf4db50ba12d3331,43.116274246833983142
0x3811f600e671b1bf1f2ddd1c4deeb71b63701927,42.907949220247367984
0x7d27cb0649c9e218660e1ecee6f0fc22d16e3a77,42.343509126746411775
0xf610d8c16f9b607642a9c5649078b445f48fcd31,41.740065855794399226
0x54bd6fd9c8c3899a1f42a73a59d8c04bcf937ce8,41.608982111333748524
0x45bc25a0830b8adf1bf2304748da2160f8868459,41.429579989585198074
0x1b8cb541c71e2d9ece07f0f0787d45e4b9bf2586,41.080857269708688561
0x860800f725bdfbedac7646acc764423406678540,40.789700324273449144
0x4b1e0388233b41b1225380e291cca33f38c7a49b,40.408918967789591372
0xa0cbf58d228accca514bf02c3aa486e2bffd8264,39.949264851483222811
0x0de7f4c1fa6259284768d7edd4dc79ec90d4a3c3,38.789459792741105745
0xfc43f5f9dd45258b3aff31bdbe6561d97e8b71de,38.755074943330815634
0xcd0f92a0e959b324effa38ddd43b74462bcaa95f,38.629740967128107738
0x4a057736a3b46f874608e0712a753bc968d75831,38.614858676573451113
0x39a6afc920eab4722cf217ba84644ebd6adecf15,38.121373979716022052
0xf33c3fb7d8704ecf49748ecda7e7f960b5bf736c,37.587904748671836762
0x6caaf5a96042023f558bbcb88b056679b698005c,36.184101227518251753
0x084cec340ba97af2d4082be6bbc8cb3e50d04ae2,35.350071779366618236
0xd7949d974d8f1232ce20329ffc90c81557a6bf3b,34.845448859210492916
0x1f0609168f8c955e914d89a19ffbb2859aee6d90,34.818965093483450991
0xc27c4f22e5b181bc2841f13a5b8e1b5b2a6f0f5e,34.125359041957266796
0xe09a1fbe9b673e7aaf6cf637051bd707c5a70442,33.710578742193714443
0x3612ef942b6462a7ac8bacef19cb3cc739682b02,33.062769860513705903
0xfd89d3831c6973fb5ba0b82022142b54ad9e8d46,32.421572766448860174
0x1082725e9d32eccec4a12014afd127f172d9cdeb,31.814204053871857274
0x14ecfeeb37e54a77984c0d103d91da8b02db1b6c,31.791094594743939115
0xbaaeb7aae88c94d682dd779318c4fe0fc450eb3f,31.737340170403742337
0xf0fbaaa7ece80ac41508e442929b81a4c8c8543b,31.023461401453818629
0x6310a6927b803ecba41cae843a4d7516e1bd3141,30.798566377214496632
0x518789634e43b3a20cb95b9ee9e2174b95c4659d,30.791846819701103323
0x128e00ff66d8bfb92923c5b8223f2db974220d69,30.677043702026663362
0xf32f53fbd61a5ca9bcf2a1facd3d5967956b8d04,30.672842130482977760
0xb728ba57df508ee7c7cab9572268b879e72595cd,29.865884719713970185
0xdbc70301f2b570f68edb34e98ee01d39ba0e6cf1,29.847145100580340107
0xd56bcbfcb0de9599096f926d4974857aaa1f3765,29.421866464020660875
0xcda300899d20d75119ab06fecf4f61357b8888f8,29.321662184880381825
0x38c5a3e2d313afdf31f9b1ca0388b69ac9c6d95d,29.183743459670817879
0xd98f3f244b996c09d4b02d28ffe73d2a57a9f85c,29.028953389290721733
0x7b86340ba767dc4b4fe75cf45f50c84bc7148dd6,28.448029449957779957
0x077777f53544c2b2ef753c19e8fc048049c5ff95,28.347100068615928796
0x74ce4db1ccbcbf66c7b08924586846154bbc4587,28.032193154822683556
0xe8056f5175c0ac60d0b217831a67c7d1bfd690e9,27.853702661300007335
0xcc16fffe2432f0f49fd10dfec9fc0f10a751d92a,27.794697038869584731
0x9da17502d7105f9bf06b84b5ba1d163cea21f937,27.514375199270566451
0x5999865518c9de250b820762130ff7a7119a4558,27.400213033895848370
0xeede94173ac84dc14905f2d6d77e65a2c7f1df33,27.199187879660081377
0xf66cdb456da006a56b393f08fcec377c6c1af28a,27.174023702000783437
0x3e20b9da56c64091c9f0d4570450ed31933f4441,26.455942977471683580
0xc3aae58ab81663872dd36d73613eb295b167f546,26.096217692543798424
0x80fe58a8e4ee88eebf20a362b912a0446c14d690,25.893710466085128085
0xd419d53817e1daa7b2f72e51707774f3ff0a54a3,25.855610121953229108
0xf67de82e8c850031a7b7be6f2cea16e74df7caae,25.597350310459872928
0x2a254687f5056ea5235d41f218d7e3bb946dadff,24.412874295046476796
0x21cff1d30e9fb98c5e15ae50284ccbce2b7d581b,24.273471749975799440
0x17102711723d3cc400b876173ce205f71ec6c04a,23.748112631557703816
0x4c6ab26af01b63b0c421f569c569d65bbb2b3a97,23.287015720250458620
0xec045448eebd241f35151194993b35415ab347a6,23.215396771671522823
0x941b881fedaebd144b9ad0a95c697e4af8fc5541,23.177624709781822785
0x7abc6070c33f90ff4e9674b0ebf43c954f615e05,23.086671563362587765
0xd09051f120a79abe6c706285810cb8c199e1ce65,23.080798415336676773
0x79ff327e635675b58a3c5d4d0ab2e738911c94f6,22.852739548884595421
0x1057bea69c9add11c6e3de296866aff98366cfe3,22.463417542602100493
0xab89a1b0a255fe21af653d4066e5354199b5f1a0,22.342796010847878179
0xf5589b66dbc62be191527fa0cdfbc9528dd6059d,22.236197450913974649
0xbfdc7d97559173b52ef2a2f1bc9becf97b0d401d,21.787568635451309914
0xd761063dd3ef9a3f2e44f238da6bda43b7ea952b,21.763514305312022827
0x535b0913bab4f7f3a17cbcc24060a88c7e1d11c3,21.678796238129010007
0x33d79459615ebe557af52f31bfa94333fadf1af9,21.414254920617319079
0xa697fce02694cbecf776bce399978afef621f79f,21.268849905853008237
0x943fba8542d38556331b5f53239123dc845f29f6,21.082947526981407230
0x2562a449a01333cc661e7d6da287b49c3dc3f1a0,20.746509157673088363
0x6aa95193f21c412757ff10f5af8c66981aa5190b,20.489170344202318140
0xf725cc2b6ec42fc500f85e82a4ba6289f65354fb,20.248262367530678846
0x351fc5df553a05e2b561278ce6049090d339e5e5,20.133466573333569093
0x12d5055a4dcc9987719c9f2cce2d5c173a11403c,19.939336252608219396
0xe7892b6a2214a0c44ac2dbaab21a14e1ccf18b75,19.582410688841922313
0xe92a323e12923eac5fc22879d12551ca136ac819,19.273817008677169641
0x69af12190d7dfd8c577c4e11e62b4afa35dd13db,19.259039082112144052
0xaedc687fa5376d2fe9d4b81ebfc8c2ba30ba54ae,19.024545387877859422
0x69b4f13fc37697f2fe4fbaf0f0d4f01269de07f7,18.366343254370687890
0x142e67cd752722e020bacdcc9c0f317da24fb83b,18.333559921020970617
0x29bc4e0173b8bd177f2e5c2697d036b0438685b2,17.999116101662390287
0xdc4552ac1ef43539a6043a6fbb8904fdae979020,17.812104337161900754
0x2dc84a8ee90db8f9f3bb4287dfc78ae84466adf2,17.668117924150155866
0xb00882f778c4529553094f4387cf7c5141fb586a,17.400447318236913588
0xa588397e21ede1155c9c2080363e56f29f99ab1c,17.313764633717021250
0x0a75728f3a2697045e8c62c7c4be4597c2e7c254,17.246228316868334874
0x4f2769ea94ed3591e9d845708c7e90355cf4c38b,17.010643325675318912
0xd2bb66a9ee6995f561c339389f7b28bd5533cf48,16.969029916609619488
0xc6edbbe55279871c1e6cffbfd844680906bb7430,16.960954576187777622
0x687ede30dfe8e94734aee0296c5dabcdc9ed862a,16.872919825578136868
0xa3ae519321a48d5d62f05bd45a88f71d412009d1,16.664216657638853395
0xe2d128323cf7560a6e7a82726d7b425aedc7a556,16.600108577628722246
0x791317a4a405d4b625ffef3ee39b0c51caf19b6f,16.363872706279420898
0x8021a58c64a5eb472f1859e76da73a6d81cb598b,16.362534934510360766
0x0b1a33dfbf26e3e085bf355d1f6289d21e3f5c78,16.312852656981510916
0x346c6986b31356cf6d620aada6193bd1d04561f1,16.036286638878621123
0xef492b2d863b4e68330b4ed0b39708d3846b3420,15.885540448369784385
0x708527c85b3d93850b2fb76624e9d25f84d03bea,15.758779038949146059
0xa256074b25704de120bc5b5921f7768607494193,15.677353005297252965
0x9c3c83fc9b8fe1dfd5409788d188348413619539,15.662835352260722865
0xe262d2be6bcf7cdaf72b9c5e5cd45dc2938ed658,15.634672068111116566
0x5853ed4f26a3fcea565b3fbc698bb19cdf6deb85,15.358562031672487086
0x18a902b117f1037346d4a7367d7bbd9e674be41b,15.148974308019349837
0x57e421c8a16bf0a609ef87e296cb931113a5e3ed,14.985010067400718400
0xb19d6b66b18fae0fca1023138b229e5f970b5180,14.921705120027802661
0x3ef60ae2ace351dc6058b5b21fb566089d118137,14.803971318290342208
0xdbc43ee13c8f1b655b3e96e260dec84b83f73e4c,14.639205194706253826
0xce1559448e21981911fac70d4ec0c02ca1eff39c,14.567688326775944572
0x1ed89991d39a728755d1c828f56221b4452daab9,14.132696059725816776
0x9c7c70360880d5790836868410a9c905c1072d42,14.119414880772740668
0x9dfd7e5b360bcd0fadeaffbe308e146335189507,14.118634015693190516
0xb3eafb9f40b8e568b998324dcdfc73b5eabb39b7,13.899135774934899091
0xadd11019d12a7055fb4cb5453226c250d7851bad,13.874843399291770776
0x5db6ed6e9750fffe80ea95ffae9f15b29da2db56,13.787978653493548620
0xe956bcc88d22bed2349fd1d6983dfd1aa9598cbf,13.387182732540858311
0xf2c16ae7887450ce0018cdbad26cfdbab183ffee,13.022515043959878978
0xf56f7579091832fe30b23f1633d2dfd2776f26ae,12.663216805690286330
0x7c1f6a7e6a8970514f4df1302e7689d65106a844,12.478328790722405631
0x0892ce6ba2a04ab2dc8d82eeab05ee341d5d08c6,12.404517711639148757
0x621f47ae9e0aeacbe7a8ffd6d55aec18432e78b8,12.401731790419456987
0x584449564511c8fc7e5172c16abb71801c5aab87,12.388237797420610919
0x9073b943c749b85e83390c18cd45df85dcd2e9cc,12.376713475019874529
0xd31716da9030c453e4d8b5d2b9b6adb405b1297a,12.332079395605096628
0xd03c6c0e30d932e85b842f5169dd28003e81cbdc,11.938250481531938434
0x33954853acc49dafb2c8c80e3922e1bd1af88121,11.882372658394177930
0x726cdc837384a7deb8bbea64beba2e7b4d7346c0,11.622299082199506598
0x30503b37f81bf5430c400196ba0abd282b557606,11.585363656000095151
0xe8349f1db09778a47fda6a89598a8dd24615bb4b,11.484313148061835731
0x01c142e94c8837d62787576bcd6f82a7bfb34ac2,11.431283260319977558
0x66fba0d463470f3a9e30f1f2864778231486fe90,11.424718810973968819
0x3e10048efed71c56bae0c2e8dea106f53fae6422,11.165359446877860342
0xb787c698301f3903a4e93a5a738fdcf7f79968d9,11.163233999769076452
0x5d8de03557032c3003c9ae1e3d0c2d1284397472,11.009871091390781111
0x99a63e3799dc3c62eaba4c7da5de6a391baf1d53,10.949497397775439796
0xef6cad775664d8298387215a737a4c248f446c0b,10.628475030617964285
0x6e52a3f199b9e2da6f9bce4a395cb015a0c737d9,10.535763411489660254
0x2755da7bb6b7a70eae26cccf447682298eac1eb8,10.478569561320567155
0x640236965becf920a70a5dcd44b5c9c18f283095,10.314285295683685156
0x12236584445f305c41cc6967d13589c59c472330,10.241862666517246491
0x8e5e01dca1706f9df683c53a6fc9d4bb8d237153,10.213576933254767879
0x05db3d094d8729656119605a73ad05f5fc946194,10.013027579010852889
0xe7cfdbdcc3ad20abeb3d9bb423a77b7ee07c1bfa,9.879902374038849904
0xe14d7d248975d3fe87462c8a15f24eaa68c2ee56,9.861012619278561467
0x58509b2430e7c403848855d72129f3a6959e0488,9.837016868984038674
0xa812cecfcd5c4ec834390fc2f0ba052d645299ae,9.703246720620608994
0x082ab4d540f86e2ffce0b196aa727668321b0137,9.627397603256138397
0x55e3edc96a61ec2d75f2bf14d9823d7c0c31d9d9,9.548935047961576420
0x7c92aa66c385ae8376c4d7eaf689949e7c2a9c42,9.537111917869069010
0x83fe424f6015abfb848b74a8c69467c42e86f692,9.478175014978547250
0xe9d9120309e30a1c35d21d56bac0853512b21914,9.467116126695898914
0x2f19883a1f8212e8f3b7f72f2b37f8440df55d23,9.459544772866810088
0xcafac4874c34a8b126ffbca7e10da1f09f2b7383,9.437465376875038665
0x08f38b09777486bac18df882f2b9e9a181e36bc2,9.101336002033425558
0x7fa11089a560ac0b19db7a90d4742f0e8a0c17ae,9.094322352403402507
0xa0f33e31e6bfe93ecb0ddfd647ab151026fe97eb,8.944799878141565030
0x10dbc99c90234e4447f0366e8368d688f622475a,8.921419246673108543
0x26391af5eda55e1783cfd85b00b841438d103886,8.848909620360558047
0xcfe1c6a3cd41f85c8aa7ffb930440586c5d27e00,8.847059297870979591
0xba4f1c23cfc4e009f0b797fc723fc028000a6586,8.559268505452173656
0x0492b9170ec01d91f3aa721ff8ada42dd33fbbb8,8.186068472166529654
0x99d130ab8307a6e0a5e75d13623da08292cbcaf4,7.898403742627751648
0x383e9e5e161e9a8e72c6ab9b3525844792c6b5de,7.821996973325387904
0x36b6021851fd3a584044a0cbb5778af405291e92,7.611722497594294736
0xf2435cf1a489cf335710af37ddc957a7df7fce84,7.529002679700227316
0x7d0c62a79805600f2c751c4d4be01c9c5a7d0339,7.409644316764708552
0xc6af895832bf156c59c8c0b59fc31179d5f7019f,7.359332876259202711
0x185ba3102b2727b3f50338244e083d4784bf4a9b,7.250651153735086948
0xa3c4c6cdc1b39afa79003beb4deaf69693678038,7.218352245048442228
0x35c6857e710498b502eddc48152df033526acc06,7.126641108131586844
0x7be7686c39f0101e435b95de48eec9f806d2eb0a,7.095883018977284634
0x3035a1bbd824041b07f8ab2297a71a81e00127c5,7.081445787122236040
0xef1244af7099dce45ee7f937534f0968501efb29,7.018763286961866196
0x719ef1e50d44dc2f9fb43978a613164be0275476,6.952918354190560979
0xd07c1344c2b2af84b6d51850f38810015fd5de06,6.893087911494850043
0x903d7672de8893b90e2a208fbf8fc3c72eccb975,6.831406275088170973
0x8e4807a00401173871b8f74513562c7674a960c0,6.820319645970576344
0x5a74e03e65397624682291b2aaa992690d474644,6.733076897306530458
0x6589ddf4bca7f7dadfb20a050331ab08b5d9156e,6.546086383616115772
0x0022505a56190e01336c48a480422ffb4dbdf3fb,6.488016266157024248
0x3111b7716dcc3ddf8509b3efc320488e9e39faca,6.476893170597084447
0x7820774535b91fcea012d0be5a1ab90db9d9e9d0,6.454901005813949505
0x133acc82d6eaaec2a12e7547835219860551c570,6.394961213435622448
0x2b616914ada8484ab9d70398dbe86b029b1a9a39,6.377930593703168473
0x78f32a27559170f9a005b319ed53441b9e852158,6.365622427656942399
0x1169d0c2f75a56fd308f9b7c055e30406d7ba5b2,6.206250072833119682
0xf553a7aafa25fee4ebfb04254c6e8bc784effc08,5.991936079101162698
0xe50548454ec410bed6b2338d77121aa67d277ff4,5.982497972998103242
0x89f84d4e4ecaba42233eefc46ee49a03db943bad,5.977264122443072185
0xc68cd612f951cfcda4f35258e75ad4128e769a26,5.941948917990903942
0x7e55b28d41cc14212fcd26adff6eda08e4fecfad,5.939097594188349218
0x6c41defc3189e776479a71f2648b0c90ae153110,5.860206616701590612
0x0821e12feecb8e7f14f52a92470a8d4827f46419,5.805545465987247178
0x4d4608d1f026394dfce9ba0aa907c8ba4427d28d,5.678581202455545316
0x927635591fd15026144604f223c2313e5909c609,5.556071852609055693
0xbbbfc46566e5f0302cef913af8c8f423070ce6a1,5.520161619911143652
0x1e7b184a3bbb0a457f8d39f5ef5a031922c39b45,5.511797039831427344
0xeafdcdc6b92e93cc15ddbd452cf20f760cd2ce48,5.398156054623044909
0x067b8a5888eaee284a8574f3fa646cbfc62c86eb,5.345736024903111852
0xba75931f1acae1b1c333f854c7ff77d59859516c,5.342939563276227829
0x07d8c6cade8078e4f42b6f2142ab2d2cde49bad8,5.341482041192909088
0xe2ee519399a49f1a2004a25da61e82867a69b9b1,5.322147414408950001
0x75f4c35e09614b8aff9afa730e3ceaed05321f1a,5.283092822624577688
0xab95d2cd70a80469985fafe7457de81498211ed4,5.249445492601014492
0x2b12bfdba24e8f442c3bd69842f1f85b7b00a981,5.224010831167650884
0x083fc10ce7e97cafbae0fe332a9c4384c5f54e45,5.209913123058851884
0x534d5a68fba72c6a2cad6f82c48dc996d3787cc5,5.104553014522927119
0x65547c4f385d3c569a8ca2303d9fd723ef67235b,5.031357459368019129
0xa99f8656271bd54871639d7b1d20912263cc68e0,5.027798541326088483
0x69273903eade13505ea2b1e93f5ffbb3bda48c67,4.977386330706512904
0x450a3a3d337403a1baad86ecefebb2146443ef38,4.924090381446586385
0xe435a3a45519b335d957bf0692de705c24e00453,4.885870595534092681
0xfd329b892388fde28ab6052601377d698d4311ac,4.852844411545517647
0x08db226d63ce724a6091ba82d28dfc76ceca23d8,4.833053075659479318
0x4b7f56e2da3cfcb98716ffc057195259a327d0b4,4.765489099054647075
0xd2357fffbcdc3780835ceff1447c357c413ddd65,4.666642098427780770
0xf4161155611dc20c97d543c3acfa43bbd1b1361f,4.457079263856114991
0xc7262f9747b36cd87d67dda670bb11cfa88b5148,4.406409228613909432
0xc6bf41b2273a840a9db867ef4dad463b5635dcd3,4.394835526397323990
0x9773696710e8dd19f5dc883303a6668b33e9e999,4.378348186893423414
0x681099977c323282bb30be500139b0d9a4f8d9cb,4.263936040528022716
0xc6f8a87dc6b52cbe3bea8b27b68eed39b9ea3b8a,4.262427502987335563
0xa6c89a31d59f9c68d9cba28d690c5e52058fb472,4.252124153939761594
0x20f9e5a17b00350f1eaf9ad18bc5be0d54c0bc3f,4.185768893326532104
0x1473633530ace8a50c31d7cdede5769716c9ad10,4.148549730536520224
0xb684dc6b2ad8f7382dde35e0c6cb5db668be57ea,4.115795021888300674
0x80d0d54050c15971b21e877d95441800f5aa9ee8,4.085616272592621320
0x57680331f7e57cbd6d7006c5573c1e97c1446830,4.002913834920987513
0x97cd9af46b534c7207623d5cf23e954f80a023c7,3.996333653355204050
0x6f1b4ede03702a095e099e4263a42d5825e95c98,3.973228019118508137
0x0a656fa14f63ce9de5d4e2e8c03c2f00918bc1e2,3.960109386953398583
0xd644595aa6bf045477fb3c2c6bfab009fe3713c1,3.918342345941124863
0xdcd52fe973e89e723503151ce0962bddb119d409,3.916078989406029480
0xa6a59c9df3a3154f6924781be09243bff81e7b67,3.889744034473375128
0x1f5a01d4021ea8059a9bdd110721b7697d2e2410,3.871142955805410905
0x126f19e93a2951f4fc9eae692f81879329213599,3.849512521307977339
0x01b8744f70ce3386aac11365516b231a78004198,3.792384341495461908
0x137f2766cd14833274e4f6b0eaf2071d9dc08e8e,3.764587927058328847
0x8cb9e1a96934d85b2aa49cc8230e60226793acaa,3.764486254496646464
0xf2f6f1ef2e9da1edebab153fdecd7e033da19ed2,3.691025358636769786
0x0070bc9033adf1e49517f98304f41f778d370208,3.684515822733007501
0x0bf6a95f798ee219f68471b4a5ba4c220b16db7f,3.658439277242481989
0x386e96e10447095a99b919defc955c6d4835c279,3.613016909292801524
0x07578bd1a55e955371436233e704755f140a0e81,3.478998673954619397
0x2f71129b240080c638ac8d993bff52169e3551c3,3.364500244213525378
0xc248c4679fc77e8bfbbc7d4a6eb726cb12763033,3.317541354109208888
0x63b7a3fbb92866bd5cea4d189fd5050ac88cda62,3.267234467074368120
0x1173a727bd0d6d8bc9445ede159268dfa8e471da,3.263051013361276874
0x0aa3388577327680eb3dbd3d7aae3418b98abea5,3.196349644438525981
0x62862b73a73a1b0554feb321059a0dde702ea7e6,3.139862592778120160
0xfacf8c3bd0c1f3a056a4bea91c82ca8a28daceba,3.135813778416391801
0xbcf3e1af12086fd4b50d4cb9349d44d4df5edd6a,3.112338451112576137
0x6a73e3938477a77ff702e0bf3281b9317589da09,3.101720475765391670
0x2898e036dcaa7a94ea96761193cbe6c54d587bc5,3.092188949958672286
0x1a91c0df156a5f38aec0813d055aa0184fc47826,3.009637891539023717
0x1518f211d30e4b232bcb1c7dafbeb727d49eecf8,2.929451747168133969
0x66fd1b1e8b9e49a8e3897b2803c50674799c9afd,2.928741642559581657
0x7dce7bbe586917626773cde96e58b9f21363cff6,2.883072192044894651
0xddc60d163015cf5ca1369d557a2ca1cc2de1f1e3,2.859504723280240268
0xcf5fafe700fce74cdbb336e07689758969d07dee,2.818138292154473239
0x675f60d68701ed237e19b78152de1a68f3500e2f,2.793255798367169475
0x46af5859d0061abf24ec723447ebe21ebfa8096e,2.757809871230608741
0x68a7ac13477aad590982293feeeb786a00276cf2,2.751244734991478506
0x93742c08ace0d35cfea7f7246d98dc36c24b25b3,2.748910544418483496
0xe76be9c1e10910d6bc6b63d8031729747910c2f6,2.747319237203839300
0xd3673ac5c69dab2a82ced90b9ef9c3830ea5f79f,2.712035316940497673
0xeca2668464583238ae8b2a0bcb0586a853bb7897,2.684132438603359040
0xedf522e7d8397317c0a223f8773e3df768add991,2.663982214141748842
0x62842e4c049f4d54efa7034cfc30a778f3df7793,2.642234079543724376
0x5c7ca6a93a46ae786d99d91ed423a91d6fa13879,2.637324151760491159
0xc5924db956e47bfe3e33c00d3147e976638ea0da,2.590907032010052534
0xadc1143bae11ff79c4f6831e2f4c3bef5139acff,2.561423449678279943
0x375f6a70829d1672170fd66d34ebf7d59b276a30,2.553981816027279312
0xf2fcc0805433d743a637234ab7df17a314d91f76,2.475835309381845687
0xaa7a9d80971e58641442774c373c94aafee87d66,2.457328533173793580
0xa79eed24a4ecf9024ad9744a80f8f9dec8165a25,2.407170393717209433
0x4b3fce5250a260824f5e66018402a71bd88c911f,2.393672199167400174
0x9f7610115501abd147d1d82ce92cea2a716690ed,2.352671151604938466
0xed4954505e360fce5f1554598a00e23155572303,2.339508487709774153
0xa28ae2a117c4b61d3e6132d2e09aa2c3f94fb116,2.258720604040338058
0x982d95666ca5bc311efc71f852de29e34bc83790,2.214189230769136814
0xc76ce37ec0da3916d23e13836ad0fb0f75c5738e,2.112994475252001201
0x5b37ee251773f506cc24c881ba23b2df6cc7b63e,2.064955436709197902
0xd136c1a2cf7b033093e449f72062b835254ab23e,2.028747047003968499
0x98f365b8215189f547e0f77d84af1a2cb0820c72,2.012304229683924864
0x2deae74a6dd5c2d22bf18aee5d7430f38d2a0bdf,1.989943683236690368
0x6916d745ce36f895517907d107c829bd3bc815d6,1.985129222769815460
0xfbb0f19133f8f858d660de4a42e9d4fac2cbeb79,1.906371542927144993
0x1c5475a73e9b06e154cba404d23e201b1c2ba9e2,1.891551582979970397
0x505e20c0fb8252ca7ac21d54d5432eccd4f2d076,1.885958735508681414
0x190473b3071946df65306989972706a4c006a561,1.877156301186292430
0x90dd7982b13f8cc2022139722aafb3e1b5cd05cf,1.862358009634239828
0x84fef68dac5766380fa074bbf9b943e1e6fb86e4,1.858008087970911922
0xee5c50c7c49dec47dde2f9b0233b9e14a8f00cf2,1.754157493432625836
0x29f2c37ea3fef19ae820a3612dcd74509d92a46d,1.743437966744051244
0xc3a24e7f3847529db248607c44123536746a74d5,1.676649872776226838
0x414354db069cea6fa536c3d2ea1bbf5730b7715c,1.667366995661220496
0xffe9084994ebbdf3706c067981aa5edce7988775,1.636930652045871060
0x277d09ff3f47c5e756eede78048f5b8010e2651e,1.615193189626100123
0xc7854f8bc57176a079d3a17b5c2c8630cf420fb5,1.610356829318040994
0xa340feaa990b4ecb89d76312e355e943b5356967,1.540368161557755786
0x2b021beae06554040e09c88c2071bbecd6ee5b54,1.519140756085542628
0xb159502119a7c0b739eb1e5b987a8a712addd488,1.517500349928113083
0x8c09cc0db5d6c020c21bc979eb86243a77bd3520,1.490271539056868917
0xd2a5ffea26bef083400d04a6b5e0ffdcca692d8a,1.477765516594549884
0xa0493a8fdb5b0a4a844e3bb2279fffa0dfb565d5,1.452885108403295531
0xcb23a8491f8519daf58cc77dd5d053c0c821be28,1.433100237284242335
0xe806451ab11131dd293707f8aa30e07786446164,1.423106800050390590
0xf4cd2e756b4f5c24264b82d20e0ffd4445326e15,1.391837702926590131
0x2b2b6807dd90f1ed35789266276c6b58a49c1b49,1.362835426327739909
0x17c10b41f3706ecd8ced74b9b498b50e74a103b9,1.328307289262845097
0xc94a3a0e6ecb0011ce941f99effc98d529592aca,1.278031371437580077
0x0057aef39caf4085bf3f91661eb2e6e6f513244f,1.255299096629680807
0x4f23f598c88bc4da5e20dea212b30e6d73e1e2df,1.221147733521977609
0xcde850e02a5d1ebedb5e1d2b177af8770354fdb7,1.209907965028313448
0xaa6e9f78407bfc1e867eff56a12351c0d25f48c8,1.205495283317920815
0x5ba8be640c84e294bd7285b4d7a676ed8e1ff2ec,1.155035662761847756
0x954957c811facfe062ce05b5b3a39264e153962a,1.132523627153712935
0x5f849dbb981da544ba054502f9d888fc60cf14e9,1.123115513407228427
0xdf43664aec3b994e1dd159ec59d45ba87927255b,1.070793650336267242
0x647995121163b3c84df8cac06cd7d2753fc1eea1,1.062523809821213063
0x97c7c0c55a4ae424e9164bbc5cf8aa139cae5eec,1.052567914602394445
0xb3c8e5534f0063545cbbb7ce86854bf42db8872b,1.040497250874424038
0xb35ac81b0aaa58e05c024cf8f8ce3dec7c44213a,1.008578597295975217
0x851f861b2bfaeb0090fabbc82ebaded8f58d15e2,0.985699939189495858
0x38918f23617a2419fa674d294603041d098eeeb6,0.936468849204825921
0x2b75acfda54cf70a221ee13eb5da21f5e524c880,0.921608249564875150
0xa2ab5208207b516a1c88cccd02de67c90cace0e5,0.914459756685288051
0xbaedf361fd520ed095b18afa75dbcb5361ad4323,0.912882534458050199
0x6eacb7be3fe57d87cb512b01b4d6ee230a4d1116,0.905218485844482198
0x816a684f40b8b4b060a4df7a10cad589ef64e95e,0.894737006278119973
0x33d1de4fe84c0673a4ceb9d9e268d50dc10cded9,0.878796106314369580
0x750eb8c606b3e2eadc37d0332a22596f4d0efd35,0.856609680588294861
0x379d96ebe1338a5c5ceecc86b0565122ecddce81,0.820108250378168710
0xfbb33c1fe7f3bb1d2ee3ab9ca203ce080d4b866d,0.816218081956801189
0x0430605323465e26dc21fbaaa9a1a4be6ae9d496,0.795770650933505398
0x68e43fa4d36b2c3df1b4d7caebf0bf29eb88f539,0.794770407019085021
0x163b8deb1730d0a69f4c76ffd3c39f23d6289449,0.776665714669825320
0xc6ea2f2610e64d2711cb0317d58eff6e0cf0667d,0.760813344466523839
0xa3db05c72c79d52d2d37170a342a2c21c5e5d7c0,0.759802591867708021
0x2167f01a9ee1f8b7b0564b86daf420122549d032,0.752255965331380964
0xa013c700f0f2b10310706e52858e33b86ac86c8d,0.738720376769376284
0x187e0e9fc9e92d0e99e6df3dccc695d4229d4bff,0.738453082686724394
0x6e8e17bba20e32d9391ec07dc5bc346316205eec,0.737352945702609670
0x4dd148228efa2a20bced935ccbb8131f231bae27,0.737270870177675789
0x2194c6b357f93570cf40476f1908e591144834f7,0.730509417390432123
0x66da557ed198ff341c0c5f18a3a3aa2603383cd0,0.728136324469441415
0xe8d848debb3a3e12aa815b15900c8e020b863f31,0.701553405509523108
0x9b520fa2e47e024aadb2bad83cf9a50ded982583,0.700889707930969354
0xe363531e294c49cf4d4f842deb76113210f6f242,0.699712764628379588
0xc41a1a75b8e0069137c93ff719fa232946f4dcd1,0.698649597166563353
0x48e0344e88dc2a1da25a049c2b79ec07a48e12db,0.698348742314939268
0x04b2df1087e2197d2d19bba34cfa50879e4a1ab4,0.697638954209713712
0x8f4dcfc2f366dea6d75082a57e26cb3182ce9eab,0.659297501642291698
0xd740bae64a62340b29a3a4f80391e484b4b6c2c6,0.651168996375728719
0xe40afc776c18d8925199dcce78d0b06c9222b896,0.625387620763888629
0x43c5a16ebeeb3e8b8d8eb9dff67b4f816e1e4ecf,0.604871872601525648
0xb9878ac9afc9d5c0753aac173d3d889266666666,0.603723429776741011
0xd9dc4d55542be58c87d118549488fd9f38e55efa,0.581298885630367061
0xb01b3759ae8639302a729fe6a1277736cb61d197,0.549607356249818481
0xd5cf5e25f23f466016f2b860d68177418c5a8648,0.528385781871849493
0x6c8e4d6f376336871821dbe369bfe444fdd1fc99,0.521489513622840368
0x240ad467a71210629d71d4de22ebde27951c83fc,0.507184668607697878
0xafe620296c8ea784a948ac249282226b7c848941,0.474192414489089942
0xa6b49397ce21bb62200e914f41bf371e5940bb41,0.468582920823641536
0xa2e00fbd1e9315f490ae356f69c1f6624e2ed992,0.467279963901856003
0x94ae11a67abe03dff9e8d5d191f896b1a24fc53e,0.456833610436656974
0xbf8fb6c5a80a9196472948b0403701bc820691c5,0.445062765463619955
0xb70c8f93862647f9c3746178175ff190f4af8a77,0.444944166113050633
0xaf56b989262e4453d52de4c0f060ad2bca26259c,0.441235853773022822
0x74ff82abe49356be86c6535173382437920715da,0.441182328485138824
0x0aaf72da643570da1bf76e8b3063c3f378b3d3d4,0.432686195614021107
0x419eb032d528aa129d8ff135a58bed1cabefec16,0.414922814412187815
0xff536328697859ec41b4f6a7e3a9cc3f372b0760,0.379621505261668002
0x3d9e76be6640803045a7d135bd45d14c2c2d1779,0.356817074434443750
0x225e59de8951828b8b4c3b48e4958c02ca401e13,0.350443461164226631
0x5b52685c9f16d19e067ef5c132ffddf6c968ef1f,0.343854447495136492
0xf263d131713a4488ce2766cd4c2a84b494d9b085,0.341232963406449918
0x33ae24cc1771f0a9530abebe3408bfc89827d414,0.339281781494051577
0xa7c47336e203573ac8860eb164cec49577398459,0.320439243487981647
0xa1c6bf9a94e603c0c7e0559a9bbe6329137239f7,0.316241188287126854
0x0912bd261f8da1ee1fc9dc654946b376c632ecde,0.305499444572171009
0xce9d5fdc295da5c25c5b216dedc30bc4b9247373,0.303376014952376637
0x174a273f0ea28e55b6dd13259aa43d262b863a86,0.302218345909625198
0x9a445b77b78b38ae8cc2ad83e212fbf56318d0e7,0.276120917583652888
0xae2e7ceaab01e7c517ee13ecc791a649cb48716a,0.274535089894614520
0x133bda226e9da0580d674f691b2554d07db9c2cb,0.270049766674410685
0x121207a03e0d3a168fd1ac67eaf7afd5e6991a7c,0.266697692487928853
0x7d8a7bf86b5e7d97c22e276cafb47383192a9569,0.253746966565035376
0x2ccd7c2303d019e293fc6ff3ad3bf07f2ab3e206,0.216382215445764201
0xf9c18f2d1ea93e9a36507f238cffc6f0ad7d6eb3,0.207705046420667009
0xa242cb7ff2ae27487adbd6685e5cb90db0a8305b,0.199964990007370910
0x21a1d99f9f18b402bb421e89a590da7ffdd1cb2a,0.191558956581921628
0x5e62b559ec242e45c991ff6ffb3968650b647385,0.181065354234753844
0x3097e362af3e2b005f6d69e051fccdfe7441dfc2,0.178519124854124272
0x074bac88fda514f500cae93bb89d117f9afbc152,0.173068086435567845
0x7d463bb199eb9b7f7108566cc11d47224e54c481,0.164188528449300168
0x6c93cbf6ec8277ba0bb5246ab2411c29c8f4e85d,0.153204042210140645
0xf15a780336068b58997bfd4640f008349c27636c,0.150723877487913092
0x972457faf092c38fcaacb418eb7e3d8bda8e0825,0.140149227868113580
0xcd0c599f1b6709a026978a75e0ca2021446e2ed6,0.127717372782345533
0x2ed6c6c921eb1931a44a95f11404ddc2d24b0f27,0.119088952826089974
0x6637e284b7e0ec4bcd11b03aca9398372bc6efb6,0.118655568090606745
0x26cc2f99319681cb5b237aa1df63ca26f84fa9cb,0.117604250525294181
0x577f7e65fdb77b1f5aabd6ae02d4be7fb51d7f33,0.112612755639599409
0xb7e5b7b8a388a830ce37147b7a1a7ac57d266b0c,0.112332646028327991
0x22744aaa725852c2c72a59c240a3677db39cf8d3,0.108333259194604956
0x42b9df65b219b3dd36ff330a4dd8f327a6ada990,0.106289290871685416
0x2fa92128ece3901395448bf62dd5ff6a35871540,0.094170812070282112
0x4d37f28d2db99e8d35a6c725a5f1749a085850a3,0.091898600047487308
0xa82138c1ed56442ad288d9a10937b4996930a21e,0.086487692495591176
0x3e3672b23eb22946a31263d2d178bf0fb1f4bbfd,0.084647543154920845
0x62d364cba80a8ba057e82c2e648a1a87cdad7dd7,0.079158818451795063
0x02cd173b9058e8ba36a01aa2caceafa3ad9b9066,0.079080043052209587
0x3088b6aab3d6b0ba6f107c496bb7862b5e336057,0.078253384252993818
0xbe7f051714dea1d9ce10cea1dbbe0beda6475ca1,0.072329964571269734
0x225516233e7601c68dd5b586a88a52b21eb56204,0.068969110085671235
0x1728b927c8e1b8480a7e52fd9e89445662697321,0.065242193148727332
0x812a6fcbb66d75dedda49d57d058424af6505c3d,0.058461223183589118
0x58ffa9f48a350cbfbae9e10eba5b0b1704ef18f4,0.051658759199929057
0xcac929947bf0d3b5822a19d408f38d4602383c9c,0.046426443460832504
0xcaa747a69fed95ccbf211bbc06f00be75ad7b6f8,0.045729669380382963
0x21b35ac9150ad67bcfa4c2b78812b5f045ded6eb,0.042475360788217017
0x32d7b16d736897c310f79020a464d4ec47d07430,0.040839931057455683
0x38552868c1e638009eaf2920c7e85a2aea56c8c1,0.039195353552501598
0xb451a1e09f35b6668f9e9c21cb479189772c56a1,0.030381463342594164
0xa03ae5eddc99e65dd7e1315d4b238e51f9baa6bc,0.029884488049819265
0x57d39da48e868c0923f7d85f2d0d9410952c7119,0.027910034824472622
0xda9838b546621903eefb42cb631f4b560f6ab463,0.026299845982016531
0xb07dcf527789534b2ef625f7cf1d2ab9a2daf6a9,0.026247351405135436
0x69264cb1e17b235c1dfb44b904696d4607891de2,0.026138281385784221
0x7620c8f2a036b6a638567750f97000f50b55d283,0.025003403124186198
0x09b13d52685a97eb32dafda8cccaee37d33f0ebe,0.020902187538066593
0x00000aeb691b7f32532f2fba66076af1c499a171,0.018789347583475512
0xd5b6683f36f4e49c5b81afbd1039d3e539cd886c,0.018610316371502261
0xe1e26bda7723bc5f63adc3cd54eb4db1e3f3f918,0.018519019288658634
0x4724144c79bddd2e35a3cc42f2b679a85b88e377,0.018439044696347590
0x359afe14202a131cfa9c59244606a2b0c26d7773,0.018407952576496503
0xb04d92190a3dc00ae5bb821399776ed644eddb2d,0.018395501367839631
0x95d7ae61d7c6982e98b2a142b0074685b3a6057a,0.018395118268517851
0x5636b704c6fd4b3a49ae9418da4cfca84ed04040,0.018392249709498824
0xe44887452c613dcc3ddee1fef97668442c42d35e,0.016788128872952549
0x7979744ec67ffb31229ee418ec744f791800e77b,0.016748289609591992
0x58b06a8290dec4ca59d9718f784ceac787856f94,0.016587839892869098
0x7f1cd22f3e8dfac287cb6b1d29a4d28ecb797b9c,0.015898931259577410
0xfa849619e9d240877f6a47b354934217250f1821,0.014701373111196380
0x3ca8560b825fc1b88269173c9626af68ef04c16b,0.011276576956122295
0x20e1aa4739121651f00fce79138da3a6bb6a9adf,0.009115487579463442
0xfb9a4ca1b9335ae56314acd4f91a6ec3e9681160,0.008895252917644573
0xdfe7ad3e0cc6fb0798e66c67c72927c49fc42478,0.008181964153366521
0x57e648f095dc7d8b26e97dfd1d03be8d7fbfbf71,0.007576098470339070
0x38913485ae6d2f2fc3f396f85c4263460a15986e,0.006589594465714385
0x8675b754342754a30a2aef474d114d8460bca19b,0.006434344284014683
0xd0a7333587053a5bae772bd37b9aae724e367619,0.004591763868480829
0xc77ad9bfdc6a35069d26ff14e1e384fbef9ddc0e,0.004346716545914251
0x835bf22f54d01a1b4e0a40aa71a530cadfdf9e72,0.004246740283942586
0x9ffd0a5b5438b95861167422e745d34d151bcc3b,0.004026754831843145
0x12e9a5f7114ec981c37b1f5c4c63bcae8061760c,0.003957449208585651
0x5bceded13916f3e6a1b4811ae50ab2dcd5afc691,0.003628611370486346
0x55b40cd75fb1ffaea24aae875a6a55f2abc8e695,0.003267491462528277
0xe969bd6c4a9708f7536f47a2a73bb84ab3eff6fd,0.002509823366633468
0xa1ac516d73fd2c6e9fbbde8ce94da745ac3858cd,0.002273113754086094
0x315d91c3991950eb4a203011006980fb2c265ec8,0.002164609434496638
0xbfedb49b7e15a097eef5549b4b9070dc2d2e83ac,0.001690278834067860
0x0b7124d03c7f8cd5010bcfdf356cca3c08230811,0.001689076734784955
0x0308677ffe2a3c1aa8524f9babc94b8baec9b0ea,0.001688375864230896
0x53351c4d485b790f43acd33ec42bdab80736636b,0.001688336256836812
0xf4c2782dd4440c029705dde5c2566df23922cbe2,0.001688054420801371
0x3e15a881fe679c8faaa132b0a6a9baccaaa761e8,0.001688044211236601
0x9e0643f1998f897ebb18d0bccdd3c160621433eb,0.001688009626966248
0x2b40cf67d1a6445f19aa438a96cdaac13e5cece7,0.001686697634369340
0x0cd06432a9734ff306cd3baaed24952b93c00190,0.001684977050947202
0xe2aa16cdbd9d4c414a849475fa3ffd30b2b51cf4,0.001493591488213035
0x95bcc9c0bf33c65d3288274d14980846a89a3e1c,0.001199329968543944
0x7441ebe1534a77e7149d2264ed2b77e5deb52a19,0.000488369557960421
0x92e5a4b202f57b3634d6352fbabba9cf2908a14a,0.000478487855327198
0xdffcf2e01e0ad4f882ecd50b89bb267d9f0ce54a,0.000427142449589085
0xfa37fc395295139624944c8cd6fb9bd0350ac894,0.000339629467492848
0xedf68f3d05ee9f1148eaf319f5cdc6f58a8a5128,0.000279295614505451
0xd80c45bb86e5ed19ee3d98cc59dc924275520620,0.000278962235308677
0x18b9cb13f04bb9d8f98abb6b8c11cd3b3ff29844,0.000277293555862927
0x2add0d1f79d881854ae4de523d32fa1b267b2d21,0.000277007279605003
0x6b7429abb663fe03ab24485a40dee8bb50416ced,0.000277007181017609
0x1a0a3bc96f278c07eaf2468e483ea8301a86bef0,0.000276980634008734
0xc02cac457d65b1d0783a5221741a104c81798cf0,0.000276956718979124
0x80a1ab6b5ef75c49b27be853e53b72366c38537f,0.000276854060976892
0xa3c45f347af64ea19c9f52694706254651faea9d,0.000276806987522344
0x36a787783cfe2579319a3e2823d2a77384ff0b6f,0.000276604027201675
0x597a4ea61dcbab25cd9c5295acfa62490320e8a8,0.000276526977702315
0x45f72add1a4fd75f5aac28b503d05c1875aa23f2,0.000276441784137631
0xdcd7fb7bbcf699fe149436aa8355dac0c130ab16,0.000276441685749872
0x4a47af165803cb6de9b1f72220fdb93ab7a5f16c,0.000275297031323100
0x79c3da78acb0206d1bbca5edab70f7fa04ba66c2,0.000275270486522854
0xdbb52770a1124594b3329f619935418204607fb0,0.000275207216652750
0x35e9f63348d4b3877217b937d2efd5e1f34cce26,0.000275204336223541
0x3541306371fb642aa845aa232c6781f5f1785f05,0.000275175474302972
0x67b036a5832a87ebd5ea2e3fcf3965ed52cfef2a,0.000275167359628911
0xd8df63b2031e7fc472a9f816ba4274b467abb5e8,0.000275167261620945
0xfd2a40323f79a4832c32833de1597174d75874b9,0.000275056327933681
0x09b896fa468654667449b04ec7881c87b4ffe641,0.000275053797249937
0xc3acc284b19a17e4e8fdc3e8d9c1858299b44e88,0.000275053601462594
0x856305cabaa31b5e88b2ed50c954f9ae2554ce70,0.000275053489012167
0xf265c97c384e375a4a58505e07e553472be36503,0.000275048091600782
0x2addcbec729cfd1821ef115890d55a226e496f0c,0.000274394508729868
0x6fcd1d27742bf5b7ea07224e2afecde1dea21b5f,0.000274391951493154
0xea2820c575ffeacd5729fcbe1cc00afb6ff32364,0.000274391756300836
0xde7acbe56597bb6ef5aec1d6d3862b8d2d86ad8a,0.000274365391627801
0x5b3dcb8b6f75a2d163bc547d96c2c8c24973f6e6,0.000274352047521256
0x272341438ad3d342d0a094fd3dbdc083a94dd20b,0.000273412560619250
0x3f4445f6e5be92f5274b1d181e4c0c8e6e1f935e,0.000142090309133178
0xc2791c4fe73c1e6c0bd75108ad70e6112a723b4b,0.000082610257719732
0x291c6a30fa8a71e6ddd4957a740d161914099930,0.000068288694245060
0x5a9570f6f4d1aab028bc09216e2fb6d4590ef68d,0.000032080732044467
0x8394a4113317cb7594e3ead0a1548ad241a27f1c,0.000019591795601775
0xd289986c25ae3f4644949e25bc369e9d8e0caead,0.000001928946699523
